Feature,Mean,Std
SEQN,1.0094733347026539e-07,1.4276108807904879e-07
svy_psu,0.01499312810772008,0.021203485112334997
svy_strata,6.182570704920315e-05,8.743475341228897e-05
svy_year,0.0,0.0
demo_age_years,3.127631136271821e-05,4.4231383710159834e-05
bp_sys_mean,0.0,0.0
bp_dia_mean,0.0,0.0
DSDCOUNT_x,0.0,0.0
DSDANCNT,4.822584887245169e-06,6.820164953237641e-06
DR1EXMER,0.00033082866400126545,0.0004678623834523613
DR1DAY,0.0003165058022881067,0.0004476067981656179
DS1DSCNT,0.0,0.0
DS1ANCNT,0.0,0.0
BMXWT,6.6445124625035985e-06,9.396759639829641e-06
BMXHT,0.0,0.0
BMXBMI,0.0,0.0
BMXLEG,0.0,0.0
BMXARML,1.302582916251225e-06,1.8421304262779799e-06
BMXARMC,0.0,0.0
BMXWAIST,1.9301079405311345e-06,2.7295848263431334e-06
BPXPLS,4.184706281017115e-05,5.2172836884523406e-05
BPXML1,0.0,0.0
BPXSY1,0.0008046560455415263,0.0011379554926503293
BPXDI1,0.003607211614281454,0.004221950829126892
BPXSY2,0.0,0.0
BPXDI2,8.697691670718242e-06,1.2300393522069242e-05
BPXSY3,0.0002001229812899168,0.0002830166342827375
BPXDI3,0.0,0.0
LBXWBCSI,1.994094127075368e-05,2.820074959158524e-05
LBXLYPCT,0.0,0.0
LBXMOPCT,0.0,0.0
LBXNEPCT,0.0001666996794437009,0.00023574894751252925
LBXEOPCT,4.354106043228911e-05,6.15763581834498e-05
LBXBAPCT,0.0,0.0
LBDLYMNO,0.0,0.0
LBDMONO,2.6328544430910588e-05,3.7234184611736376e-05
LBDNENO,6.47877497379419e-06,9.162371435503138e-06
LBDEONO,0.0007547837236926122,0.001067425378704559
LBDBANO,1.5066128619022631e-05,2.1306723425479235e-05
LBXRBCSI,0.0,0.0
LBXHGB,0.0,0.0
LBXHCT,0.0005330747547186927,0.0007493674047170081
LBXMCVSI,1.3008935794283204e-05,1.839741343231612e-05
LBXMCHSI,0.0009599044532883446,0.001357509896422708
LBXMC,0.0,0.0
LBXRDW,0.0,0.0
LBXPLTSI,4.0576247741188643e-07,5.738347986579964e-07
LBXMPSI,7.377530921423423e-06,2.0707028604199807e-06
LBDTCSI,0.0,0.0
LBDHDD,0.0,0.0
LBXGH,1.2427208406542483e-05,1.7574726670969317e-05
URXUMA,1.6995574963259446e-06,2.4035372613370123e-06
URXUCR,0.0,0.0
ALQ130,0.0,0.0
HOD050,0.0,0.0
WHD010,0.0,0.0
WHD020,1.4653244507098523e-05,2.072281711470779e-05
WHD050,0.0,0.0
WHD110,0.0,0.0
WHD120,9.045526774981834e-05,0.00012792306643988273
WHD130,1.3757540195355064e-08,1.945609992916413e-08
WHD140,0.0,0.0
demo_age_cat_18to44,4.603471056014902e-06,6.510291201408268e-06
demo_age_cat_45to64,0.0,0.0
demo_age_cat_65to74,0.0,0.0
demo_age_cat_75plus,1.0294157130844206e-06,1.4558136627639584e-06
demo_race_NonplusHispanicWhite,0.0,0.0
demo_race_NonplusHispanicBlack,0.0,0.0
demo_race_NonplusHispanicAsian,1.0174490301565205e-07,1.4388902174707035e-07
demo_race_Hispanic,2.0150045302161432e-06,4.775610250745165e-07
demo_race_Other,0.0013106621580099205,0.001853556199546818
demo_race_black_No,0.0,0.0
demo_race_black_Yes,5.2856748897562745e-08,7.475073115388238e-08
demo_pregnant_No,6.20802908204472e-06,8.77947892343424e-06
demo_pregnant_Yes,0.0011817967593364136,0.0016713130050221288
demo_gender_Men,0.0007273032005115244,0.0006992384184648729
demo_gender_Women,0.0055714302418454886,0.006648991456589983
bp_cat_meds_excluded_SBP120andDBP80mmHg,0.0,0.0
bp_cat_meds_excluded_SBPof120to130andDBP80mmHg,0.0,0.0
bp_cat_meds_excluded_SBPof130to140orDBP80to90mmHg,0.0,0.0
bp_cat_meds_excluded_SBPof140to160orDBP90to100mmHg,0.0,0.0
bp_cat_meds_excluded_SBP160plusorDBP100plusmmHg,4.4940778410170283e-07,6.355585833126679e-07
bp_cat_meds_included_SBP120andDBP80mmHg,0.00013495583448561957,0.000190716160567854
bp_cat_meds_included_SBPof120to130andDBP80mmHg,0.0,0.0
bp_cat_meds_included_SBPof130to140orDBP80to90mmHg,0.001961937585055122,0.0027745987413144713
bp_cat_meds_included_SBPof140to160orDBP90to100mmHg,0.002384802891771514,0.0033726205931298514
bp_cat_meds_included_SBP160plusorDBP100plusmmHg,0.00020007064097607904,0.00028294261390104925
bp_cat_meds_included_takingantihypertensivemedications,8.252162354934284e-06,1.1670319921252764e-05
bp_med_use_No,0.16456831102470237,0.0481526293350601
bp_med_use_Yes,0.009629083936964376,0.012692926471530579
bp_med_recommended_jnc7_No,1.0585970400881867e-06,1.4970822911807285e-06
bp_med_recommended_jnc7_Yes,0.005757338341464083,0.003643403031851028
bp_med_recommended_accaha_No,0.0,0.0
bp_med_recommended_accaha_Yes,0.011387450803918142,0.01610428736775744
bp_med_n_class_None,0.001465833969943927,0.00206767292765236
bp_med_n_class_One,0.0,0.0
bp_med_n_class_Two,0.0,0.0
bp_med_n_class_Three,0.00016527988181592524,0.00023374105045150377
bp_med_n_class_Fourormore,3.350230806595279e-06,4.737941843767197e-06
bp_med_n_pills_None,0.032063379283492226,0.04534446583822724
bp_med_n_pills_One,4.543758103958594e-05,6.291439968078898e-05
bp_med_n_pills_Two,3.335298555874246e-05,4.7168244522807574e-05
bp_med_n_pills_Three,0.0,0.0
bp_med_n_pills_Fourormore,1.687295571825095e-05,2.3861962814071157e-05
bp_med_combination_No,2.623093958164902e-05,3.68398863743929e-05
bp_med_combination_Yes,0.0,0.0
bp_med_pills_gteq_2_No,0.009156978544097921,0.012943557769854466
bp_med_pills_gteq_2_Yes,1.2823403725758688e-06,1.8135031464753613e-06
bp_med_ace_No,9.418008948301332e-06,1.3319075985238913e-05
bp_med_ace_Yes,0.0,0.0
bp_med_aldo_No,0.0,0.0
bp_med_aldo_Yes,0.0,0.0
bp_med_alpha_No,0.0,0.0
bp_med_alpha_Yes,6.380036575690695e-06,9.022734253778182e-06
bp_med_angioten_No,0.011627961828769927,0.016410449911118515
bp_med_angioten_Yes,5.605997748303418e-06,7.928078046283726e-06
bp_med_beta_No,8.4261211391228e-05,5.0114806338883055e-05
bp_med_beta_Yes,9.161736952301424e-07,1.295665265283942e-06
bp_med_central_No,0.013210498879624943,0.018682466681280173
bp_med_central_Yes,0.0,0.0
bp_med_ccb_No,3.863154453837676e-06,5.463325422159268e-06
bp_med_ccb_Yes,1.4236714162224758e-06,2.013375425184737e-06
bp_med_ccb_dh_No,0.006473369763632619,0.009154727313985166
bp_med_ccb_dh_Yes,0.0,0.0
bp_med_ccb_ndh_No,2.3666206986755743e-06,3.346907089059887e-06
bp_med_ccb_ndh_Yes,3.494756163725766e-05,4.942331563927947e-05
bp_med_diur_Ksparing_No,5.5488565193243635e-05,7.847268145290881e-05
bp_med_diur_Ksparing_Yes,0.0,0.0
bp_med_diur_loop_No,0.0,0.0
bp_med_diur_loop_Yes,1.7144355497461452e-05,2.4245780062655718e-05
bp_med_diur_thz_No,2.1027840748238363e-05,2.9737857573580304e-05
bp_med_diur_thz_Yes,3.3848455267423036e-06,4.786894450456868e-06
bp_med_renin_inhibitors_No,0.0,0.0
bp_med_renin_inhibitors_Yes,0.0,0.0
bp_med_vasod_No,3.856677984954537e-05,2.1553424633520663e-05
bp_med_vasod_Yes,0.0,0.0
htn_aware_No,0.027408796239285188,0.0387618913699178
htn_aware_Yes,0.0,0.0
htn_resistant_jnc7_No,0.017543081836636276,0.024809664259192128
htn_resistant_jnc7_Yes,0.0009223566097369323,0.0013044092268344376
htn_resistant_accaha_No,4.7700315876177746e-06,6.745843364157124e-06
htn_resistant_accaha_Yes,6.974597133519089e-08,9.863569858311208e-08
htn_resistant_jnc7_thz_No,3.61883906889331e-06,5.062981899994651e-06
htn_resistant_jnc7_thz_Yes,0.0006241971559212066,0.0008827480834984838
htn_resistant_accaha_thz_No,0.0,0.0
htn_resistant_accaha_thz_Yes,0.0,0.0
cc_smoke_Never,0.0,0.0
cc_smoke_Former,0.0,0.0
cc_smoke_Current,0.0,0.0
cc_bmi_25,0.008364143179045715,0.011828684721436864
cc_bmi_25to30,3.3248452596015805e-06,4.702041258920449e-06
cc_bmi_30to35,8.401780033595627e-06,1.1881911271586414e-05
cc_bmi_35plus,7.084617088102833e-05,3.929233296171767e-05
cc_diabetes_No,0.00015581531317552925,0.0002203561291182447
cc_diabetes_Yes,0.00014502557777796579,0.00020509713898459337
cc_ckd_No,8.087314557173834e-07,1.1437189929932597e-06
cc_ckd_Yes,5.695141925211366e-06,8.054146950273533e-06
cc_cvd_mi_No,0.0,0.0
cc_cvd_mi_Yes,2.2377345129288368e-05,2.270968391174771e-05
cc_cvd_chd_No,1.94841843890982e-05,2.755479781484081e-05
cc_cvd_chd_Yes,0.0,0.0
cc_cvd_ascvd_No,3.771080996206221e-05,5.333113889642281e-05
cc_cvd_ascvd_Yes,8.180119913459873e-06,1.1568436523453181e-05
cc_cvd_hf_No,1.2749125316736295e-06,1.802998593132265e-06
cc_cvd_hf_Yes,8.213805357799491e-05,0.00011616074935692833
cc_cvd_any_No,0.05436541525164092,0.053489740832713496
cc_cvd_any_Yes,2.615773917895668e-05,3.699262950789861e-05
DSD010AN_1,0.0,0.0
DSD010AN_2,2.195340067125725e-06,3.104679696950261e-06
DSD010AN_7,0.0,0.0
DSD010AN_9,0.0005841391875933837,0.0008260975614081648
DR1DRSTZ_1,0.0,0.0
DR1DRSTZ_2,0.0,0.0
DR1DRSTZ_5,5.301301081022638e-06,7.4971718870053644e-06
DR1LANG_1,7.220971226329875e-08,1.0211995441781588e-07
DR1LANG_2,0.015280288637534424,0.021609591428176686
DR1LANG_3,0.0,0.0
DR1LANG_4,0.031525809470016,0.044584227317286784
DR1LANG_5,0.0,0.0
DR1LANG_6,0.0,0.0
DS1DS_1,1.0293033670182058e-05,1.4556547814334381e-05
DS1DS_2,0.0,0.0
DS1AN_1,0.0,0.0
DS1AN_2,0.020210030480610534,0.028581299201653056
DR2DRSTZ_1,0.0,0.0
DR2DRSTZ_2,0.0,0.0
DR2DRSTZ_5,0.0,0.0
BPAARM_1,0.0,0.0
BPAARM_2,0.008643304975474024,0.012223479120042216
BPAARM_8,0.0,0.0
BPACSZ_1,0.0,0.0
BPACSZ_2,0.00023856866399954524,0.00031428113404463885
BPACSZ_3,0.0,0.0
BPACSZ_4,0.0,0.0
BPACSZ_5,9.82058632602068e-08,1.388840637271421e-07
BPXPULS_1,2.2223053589032267e-05,3.142814378295352e-05
BPXPULS_2,1.8585960899559268e-05,2.628451797389277e-05
BPXPTY_1,0.0,0.0
BPXPTY_2,4.489551918212945e-06,6.3491852117148915e-06
BPAEN1_1,0.0,0.0
BPAEN1_2,0.0,0.0
BPAEN2_1,0.0,0.0
BPAEN2_2,7.862057996143134e-06,1.1865697037803955e-06
BPAEN3_1,0.0,0.0
BPAEN3_2,0.00014062768536371605,0.00019887757988650362
LBXHA_1,3.1812877618921547e-06,4.499020298679435e-06
LBXHA_2,0.07942540747015753,0.11111527651107109
LBXHA_3,2.1709388046447056e-06,3.070171100610578e-06
DBQ330_1,5.657796879195925e-05,8.001333079711048e-05
DBQ330_2,4.46376423431113e-07,6.312715919398753e-07
DBQ330_7,7.453156145023136e-06,1.0540354502776093e-05
DBQ330_9,0.0,0.0
BPQ020_1,0.0,0.0
BPQ020_2,0.06856224347384797,0.09696165458744202
BPQ030_1,6.000911802638819e-07,8.486570857896595e-07
BPQ030_2,0.0002285079837005872,0.00032315908965990054
BPQ030_7,0.017409866531842032,0.023080198921557334
BPQ030_9,0.0,0.0
BPQ040A_1,0.006119957555314868,0.008654926975873977
BPQ040A_2,0.004099634618608256,0.00011409862606065997
BPQ060_1,0.0011209880633360429,0.0014232577539157708
BPQ060_2,0.0,0.0
BPQ060_7,0.012468862182789952,0.017633634006262545
BPQ060_9,0.0,0.0
BPQ070_1,0.0,0.0
BPQ070_2,0.0,0.0
BPQ070_3,0.0,0.0
BPQ070_4,4.0063960081389426e-07,5.665899570947522e-07
BPQ070_9,0.0,0.0
BPQ080_1,5.057864541171837e-07,7.152900630771183e-07
BPQ080_2,0.0,0.0
BPQ080_7,0.0004108652274556948,0.0005810511769753501
BPQ080_9,0.0,0.0
BPQ090D_1,0.0,0.0
BPQ090D_2,0.013422636091808266,0.018982474003833846
BPQ090D_9,0.0,0.0
CDQ010_1,0.00014227969475306677,0.00020121387397009112
CDQ010_2,0.0,0.0
CDQ010_7,0.0029541323712161983,0.0034626988654305525
CDQ010_9,0.00013913585737406254,9.652263914980907e-05
HSQ590_1,0.0,0.0
HSQ590_2,0.06356009641717514,0.08988755037891065
HSQ590_7,0.0,0.0
HSQ590_9,0.0,0.0
DIQ010_1,3.224377102609696e-05,4.559957828715897e-05
DIQ010_2,0.0,0.0
DIQ010_3,0.00015224936736823322,0.00020628138099957686
DIQ010_9,0.0,0.0
DIQ050_1,1.3899589376312694e-06,1.96569878073984e-06
DIQ050_2,0.002791702102754235,0.003948062975820526
DIQ050_9,0.0,0.0
HIQ210_1,9.804801018034917e-07,1.386608257607451e-06
HIQ210_2,0.0,0.0
HIQ210_7,8.116641804966163e-07,1.1478664921507586e-06
HIQ210_9,0.00023192334538996227,0.0003279891404814243
HUQ010_1,8.513110409612962e-05,0.00012039356199254225
HUQ010_2,0.0,0.0
HUQ010_3,0.0,0.0
HUQ010_4,4.601110081278233e-07,6.506952278915251e-07
HUQ010_5,7.886543940730213e-06,1.1153257401232022e-05
HUQ010_7,1.7922758103774234e-05,2.534660758548982e-05
HUQ010_9,3.508303574580656e-07,4.961490496093973e-07
HUQ030_1,0.0,0.0
HUQ030_2,0.0,0.0
HUQ030_3,0.0,0.0
HUQ030_7,7.305253543792051e-05,8.250787825000746e-05
HUQ030_9,2.7863785507847087e-06,3.940534336425225e-06
HUQ090_1,5.6051004048891365e-05,7.926809011057143e-05
HUQ090_2,6.930838713528159e-05,9.801686107292017e-05
HUQ090_7,0.0,0.0
HUQ090_9,8.545755665306979e-06,1.2085523562603842e-05
HOQ065_1,1.1411834857950925e-05,1.613877162767624e-05
HOQ065_2,1.6094380712581407e-05,2.2760891481728582e-05
HOQ065_3,1.253304257487838e-05,1.772439878719242e-05
HOQ065_7,0.0,0.0
HOQ065_9,0.003722661853894296,0.005264638881906283
IMQ020_1,0.0,0.0
IMQ020_2,0.0,0.0
IMQ020_3,0.0,0.0
IMQ020_7,0.0,0.0
IMQ020_9,0.0,0.0
MCQ010_1,0.0,0.0
MCQ010_2,2.2227569168640788e-06,3.143452977687786e-06
MCQ010_9,1.45685471339542e-07,2.0603036940909715e-07
MCQ053_1,0.00018076793403899524,0.00025564446396011216
MCQ053_2,0.0,0.0
MCQ053_9,0.0,0.0
MCQ080_1,4.063044942929437e-06,5.746013262822228e-06
MCQ080_2,1.0649040761988416e-07,1.5060017871867937e-07
MCQ080_9,0.0,0.0
MCQ092_1,0.0,0.0
MCQ092_2,0.0,0.0
MCQ092_7,4.646525072797314e-05,6.571178775856595e-05
MCQ092_9,6.043265699823304e-07,8.54646831371425e-07
MCQ160A_1,0.0,0.0
MCQ160A_2,0.0,0.0
MCQ160A_9,0.0,0.0
MCQ160B_1,3.9507621438904586e-06,5.587221405600092e-06
MCQ160B_2,0.0,0.0
MCQ160B_7,0.0007156024454840137,0.0009842281815441313
MCQ160B_9,2.969303803926119e-07,4.199229710318339e-07
MCQ160C_1,0.0,0.0
MCQ160C_2,2.3048197949978545e-07,3.259507412911943e-07
MCQ160C_7,0.00016144226093614932,0.00021812073278928846
MCQ160C_9,0.0,0.0
MCQ160D_1,0.0,0.0
MCQ160D_2,0.00034862510888811644,0.0004930303571733713
MCQ160D_7,5.155264417130878e-05,7.290644856325916e-05
MCQ160D_9,0.0,0.0
MCQ160E_1,0.0,0.0
MCQ160E_2,0.012503792601791467,0.017683033078553862
MCQ160E_7,0.015465568228866947,0.001452468655688148
MCQ160E_9,4.956392810695424e-06,7.009397933333973e-06
MCQ160F_1,2.061208749995982e-06,2.9149893691264124e-06
MCQ160F_2,2.0162767824389076e-05,2.8514459712230893e-05
MCQ160F_9,0.0,0.0
MCQ160L_1,0.0,0.0
MCQ160L_2,1.8533978510363257e-06,2.621100377408721e-06
MCQ160L_9,0.0,0.0
MCQ220_1,0.0,0.0
MCQ220_2,5.905670014933095e-06,8.351878630018502e-06
MCQ220_9,0.0,0.0
OSQ010A_1,0.0,0.0
OSQ010A_2,0.0010780493994767611,0.0014600915495560829
OSQ010A_9,0.0,0.0
OSQ010B_1,0.001997302752284856,0.0024611655455410767
OSQ010B_2,0.007010609772835312,0.00991088543334241
OSQ010B_7,0.0,0.0
OSQ010B_9,0.0177786022342696,0.025142740399740682
OSQ010C_1,0.0,0.0
OSQ010C_2,4.235547085625963e-06,5.9899681325620735e-06
OSQ010C_7,0.0012996160426153565,0.0018379346333442874
OSQ010C_9,0.0,0.0
OSQ060_1,0.0,0.0
OSQ060_2,0.0,0.0
OSQ060_7,0.00012783052498544726,0.0001807796621196923
OSQ060_9,0.0,0.0
PFQ059_1,6.915681939707509e-06,9.780251192193032e-06
PFQ059_2,0.00028634480148075346,0.00040488842272164876
PFQ059_7,0.00015695116805840723,0.00022196247049849842
PFQ059_9,0.0009485075360200265,0.0013413922214526085
PFQ090_1,1.2629287379063113e-07,1.7860509494578415e-07
PFQ090_2,0.0,0.0
PFQ090_9,4.45964664995998e-05,6.306892775765142e-05
SMQ020_1,0.0,0.0
SMQ020_2,2.4087678956311242e-05,3.406512226610436e-05
SMQ020_7,2.212003127458181e-05,3.128244822863061e-05
SMQ020_9,0.026698049296056757,0.03731913970648415
WHQ030_1,0.0,0.0
WHQ030_2,1.0769240736963812e-05,7.219886116438166e-06
WHQ030_3,0.0,0.0
WHQ030_7,0.0004666918213774053,0.0006474514354384858
WHQ030_9,0.0,0.0
WHQ070_1,0.0002383097241617235,0.00033702084395490064
WHQ070_2,0.0015184750150912887,0.0021474479604667905
WHQ070_7,0.0,0.0
WHQ070_9,1.1018013022248773e-05,1.5581823446467587e-05
DPQ010_0,0.0004077267333346061,0.0005766126760238783
DPQ010_1,5.7418048718406884e-05,8.120138322257013e-05
DPQ010_2,0.0,0.0
DPQ010_3,6.106363169418627e-07,8.635701610967379e-07
DPQ010_7,6.013515205234173e-06,8.504394760778994e-06
DPQ010_9,0.0,0.0
DPQ020_0,0.10378309770661462,0.05975019277651961
DPQ020_1,0.0,0.0
DPQ020_2,0.0,0.0
DPQ020_3,0.0,0.0
DPQ020_7,0.0,0.0
DPQ020_9,0.0042611003494062005,0.005991290256792933
DPQ030_0,0.011861239563978837,0.01677432585793521
DPQ030_1,0.0,0.0
DPQ030_2,0.010970944656209822,0.015515258724856562
DPQ030_3,0.0,0.0
DPQ030_7,0.000779317491981229,0.0011021213665544398
DPQ030_9,0.0,0.0
DPQ040_0,0.0,0.0
DPQ040_1,1.8842241651966705e-06,2.6646953689722543e-06
DPQ040_2,0.0,0.0
DPQ040_3,8.886758892714134e-05,0.00012567774951616036
DPQ040_7,0.00010004455677135532,0.00014148436902765575
DPQ040_9,2.989243947080655e-05,4.2274293312031444e-05
DPQ050_0,7.21440099188582e-05,0.00010202703727122834
DPQ050_1,1.1171964722441032e-06,1.579954402882988e-06
DPQ050_2,0.002718506104168323,0.0016632712204070045
DPQ050_3,0.00028126898672409175,0.00039777441570014856
DPQ050_7,0.0,0.0
DPQ050_9,0.0,0.0
DPQ060_0,0.0,0.0
DPQ060_1,0.0,0.0
DPQ060_2,0.0,0.0
DPQ060_3,0.0,0.0
DPQ060_7,1.4024951840412304e-05,1.983427710434058e-05
DPQ060_9,0.0,0.0
DPQ070_0,0.004024660367395497,0.005691729275516195
DPQ070_1,0.0012617725873029686,0.001378103847422225
DPQ070_2,0.0,0.0
DPQ070_3,0.0,0.0
DPQ070_7,0.0,0.0
DPQ070_9,0.0,0.0
DPQ080_0,1.8539835472919525e-05,2.62192867699686e-05
DPQ080_1,0.0,0.0
DPQ080_2,0.0,0.0
DPQ080_3,1.9789994117941432e-05,2.798727808087655e-05
DPQ080_7,0.0,0.0
DPQ080_9,0.0,0.0
DPQ090_0,5.4754749472828204e-05,7.743490930881472e-05
DPQ090_1,0.0,0.0
DPQ090_2,3.0961791934902867e-06,4.378658606971355e-06
DPQ090_3,3.578154508221846e-06,5.060274633793767e-06
DPQ090_7,0.0,0.0
DPQ090_9,0.0007894764497813496,0.0011164883024549464
PUQ100_1,0.0,0.0
PUQ100_2,0.0,0.0
PUQ100_9,0.0,0.0
PUQ110_1,0.0026739330703144616,0.0037815124129166426
PUQ110_2,2.2214575063694241e-07,3.1416153337431556e-07
PUQ110_7,0.0,0.0
PUQ110_9,0.0,0.0
SLQ050_1,1.881211612196493e-05,2.660434975662036e-05
SLQ050_2,8.846001059193434e-07,1.251013467067812e-06
SLQ050_7,4.296066170601253e-06,6.075555043316538e-06
SLQ050_9,2.0549024315381463e-06,2.906070888034697e-06
SMAQUEX_1,0.0,0.0
SMAQUEX_2,0.0,0.0
INDFMMPC_1,0.0,0.0
INDFMMPC_2,0.0,0.0
INDFMMPC_3,0.0,0.0
INDFMMPC_7,0.0,0.0
INDFMMPC_9,0.0,0.0
